"Cible";"Controle";"Niveau";"Constat";"Recommandation"
"PC01";"Compte du Patch Management";"OK";"PC01\svc_patch n'est pas administrateur (moindre privilège)";""
"PC01";"Droits du point de terminaison PowerShell";"INFO";"AUTORITE NT\INTERACTIF AccessAllowed, BUILTIN\Administrateurs AccessAllowed, BUILTIN\Utilisateurs de gestion à distance AccessAllowed";""
"PC01";"Groupe Administrateurs";"INFO";"PC01\admin, PC01\Administrateur";"Limiter ce groupe aux comptes strictement nécessaires"
"PC01";"Groupe Utilisateurs de gestion à distance";"INFO";"PC01\svc_patch";""
"PC01";"Point de terminaison JEA";"OK";"PatchManagement présent, accès : PC01\svc_patch AccessAllowed";""
"PC01";"Authentification de la session";"INFO";"Mode utilisé : NTLM";"Kerberos est préférable dans un domaine Active Directory (authentification mutuelle, sans TrustedHosts)"
"PC01";"Authentification Basic";"OK";"Désactivée";""
"PC01";"Trafic non chiffré";"OK";"Refusé (AllowUnencrypted = false)";""
"PC01";"Écouteurs WinRM";"INFO";"HTTP";"Un écouteur HTTPS (port 5986, certificat) ajoute l'authentification du serveur hors domaine"
"PC01";"Pare-feu WinRM";"OK";"Règle « WinRM » (Any) : limitée à 192.168.93.1";""
"PC01";"LocalAccountTokenFilterPolicy";"ATTENTION";"1 : les administrateurs locaux gardent leurs droits complets à distance";"Remettre à 0 une fois le compte dédié non administrateur en place"
"PC01";"Journalisation PowerShell";"OK";"Script Block Logging activé";""
"PC02";"Compte du Patch Management";"OK";"PC02\svc_patch n'est pas administrateur (moindre privilège)";""
"PC02";"Droits du point de terminaison PowerShell";"INFO";"AUTORITE NT\INTERACTIF AccessAllowed, BUILTIN\Administrateurs AccessAllowed, BUILTIN\Utilisateurs de gestion à distance AccessAllowed";""
"PC02";"Groupe Administrateurs";"INFO";"PC02\admin, PC02\Administrateur";"Limiter ce groupe aux comptes strictement nécessaires"
"PC02";"Groupe Utilisateurs de gestion à distance";"INFO";"PC02\svc_patch";""
"PC02";"Point de terminaison JEA";"OK";"PatchManagement présent, accès : PC02\svc_patch AccessAllowed";""
"PC02";"Authentification de la session";"INFO";"Mode utilisé : NTLM";"Kerberos est préférable dans un domaine Active Directory (authentification mutuelle, sans TrustedHosts)"
"PC02";"Authentification Basic";"OK";"Désactivée";""
"PC02";"Trafic non chiffré";"OK";"Refusé (AllowUnencrypted = false)";""
"PC02";"Écouteurs WinRM";"INFO";"HTTP";"Un écouteur HTTPS (port 5986, certificat) ajoute l'authentification du serveur hors domaine"
"PC02";"Pare-feu WinRM";"OK";"Règle « WinRM » (Any) : limitée à 192.168.93.1";""
"PC02";"LocalAccountTokenFilterPolicy";"ATTENTION";"1 : les administrateurs locaux gardent leurs droits complets à distance";"Remettre à 0 une fois le compte dédié non administrateur en place"
"PC02";"Journalisation PowerShell";"OK";"Script Block Logging activé";""
"PC03";"Accessibilité";"INFO";"Poste non contrôlé : Ping sans réponse";""
"PC_ADRI1 (admin)";"Configuration WinRM";"INFO";"Lecture impossible (service WinRM arrêté ?) : Cannot find path 'WSMan:\localhost\Client\TrustedHosts' because it does not exist.";""
"PC_ADRI1 (admin)";"Droits sur credentials\";"OK";"Accès limité à : AUTORITE NT\Système, BUILTIN\Administrateurs, PC_Adri1\adrie";""
"PC_ADRI1 (admin)";"Droits sur Rapports\";"OK";"Accès limité à : AUTORITE NT\Système, BUILTIN\Administrateurs, PC_Adri1\adrie";""
